DATE,AKPOP,ALPOP,ARPOP,AZPOP,CAPOP,COPOP,CTPOP,DCPOP,DEPOP,FLPOP,GAPOP,HIPOP,IAPOP,IDPOP,ILPOP,INPOP,KSPOP,KYPOP,LAPOP,MAPOP,MDPOP,MEPOP,MIPOP,MNPOP,MOPOP,MSPOP,MTPOP,NCPOP,NDPOP,NEPOP,NHPOP,NJPOP,NMPOP,NVPOP,NYPOP,OHPOP,OKPOP,ORPOP,PAPOP,RIPOP,SCPOP,SDPOP,TNPOP,TXPOP,UTPOP,VAPOP,VTPOP,WAPOP,WIPOP,WVPOP,WYPOP
1900-01-01,,1830.0,1314.0,124.0,1490.0,543.0,910.0,278.0,185.0,530.0,2220.0,,2231.0,163.0,4828.0,2518.0,1473.0,2148.0,1384.0,2788.0,1189.0,695.0,2423.0,1754.0,3108.0,1553.0,245.0,1897.0,321.0,1067.0,412.0,1884.0,196.0,43.0,7283.0,4161.0,800.0,415.0,6313.0,430.0,1342.0,403.0,2023.0,3055.0,277.0,1858.0,344.0,523.0,2072.0,959.0,93.0
1901-01-01,,1907.0,1341.0,131.0,1550.0,581.0,931.0,285.0,187.0,544.0,2263.0,,2227.0,176.0,4914.0,2541.0,1490.0,2162.0,1412.0,2794.0,1200.0,699.0,2450.0,1805.0,3128.0,1578.0,261.0,1926.0,346.0,1078.0,412.0,1889.0,206.0,45.0,7449.0,4216.0,916.0,434.0,6439.0,441.0,1361.0,418.0,2041.0,3132.0,284.0,1887.0,347.0,583.0,2109.0,972.0,100.0
1902-01-01,,1935.0,1360.0,138.0,1623.0,621.0,952.0,290.0,188.0,565.0,2305.0,,2222.0,199.0,4992.0,2567.0,1505.0,2177.0,1440.0,2856.0,1210.0,703.0,2477.0,1862.0,3147.0,1603.0,270.0,1956.0,371.0,1089.0,409.0,1917.0,218.0,49.0,7612.0,4322.0,1027.0,454.0,6567.0,450.0,1379.0,431.0,2060.0,3210.0,292.0,1894.0,349.0,651.0,2141.0,1000.0,105.0
1903-01-01,,1957.0,1384.0,144.0,1702.0,652.0,972.0,295.0,190.0,587.0,2346.0,,2217.0,216.0,5071.0,2594.0,1498.0,2191.0,1467.0,2924.0,1209.0,709.0,2505.0,1901.0,3166.0,1628.0,282.0,1986.0,396.0,1104.0,394.0,1969.0,229.0,52.0,7771.0,4386.0,1118.0,479.0,6699.0,460.0,1397.0,437.0,2082.0,3291.0,299.0,1890.0,350.0,719.0,2171.0,1037.0,108.0
1904-01-01,,1978.0,1419.0,151.0,1792.0,659.0,987.0,302.0,192.0,599.0,2387.0,,2212.0,229.0,5161.0,2614.0,1527.0,2205.0,1495.0,2969.0,1217.0,719.0,2534.0,1945.0,3185.0,1653.0,293.0,2017.0,421.0,1119.0,407.0,2050.0,242.0,56.0,7927.0,4458.0,1200.0,504.0,6833.0,471.0,1415.0,452.0,2086.0,3374.0,308.0,1889.0,353.0,782.0,2202.0,1064.0,111.0
1905-01-01,,2012.0,1447.0,158.0,1893.0,680.0,1010.0,308.0,194.0,615.0,2427.0,,2211.0,246.0,5241.0,2635.0,1555.0,2220.0,1523.0,3018.0,1237.0,723.0,2579.0,1981.0,3204.0,1678.0,305.0,2051.0,446.0,1129.0,423.0,2151.0,255.0,59.0,8084.0,4530.0,1277.0,530.0,6970.0,481.0,1433.0,461.0,2111.0,3459.0,316.0,1917.0,354.0,842.0,2231.0,1094.0,114.0
1906-01-01,,2045.0,1465.0,167.0,1976.0,707.0,1033.0,313.0,196.0,628.0,2466.0,,2214.0,262.0,5309.0,2663.0,1576.0,2234.0,1551.0,3107.0,1251.0,729.0,2626.0,1987.0,3223.0,1703.0,322.0,2077.0,474.0,1138.0,415.0,2239.0,269.0,64.0,8289.0,4587.0,1349.0,555.0,7110.0,492.0,1451.0,477.0,2136.0,3546.0,327.0,1942.0,355.0,904.0,2250.0,1122.0,118.0
1907-01-01,,2058.0,1484.0,176.0,2054.0,733.0,1057.0,317.0,197.0,645.0,2505.0,,2217.0,277.0,5384.0,2679.0,1612.0,2249.0,1579.0,3183.0,1257.0,731.0,2693.0,1995.0,3242.0,1728.0,332.0,2105.0,501.0,1149.0,423.0,2314.0,283.0,68.0,8499.0,4630.0,1414.0,580.0,7253.0,505.0,1468.0,498.0,2136.0,3636.0,339.0,1952.0,355.0,967.0,2268.0,1149.0,125.0
1908-01-01,,2070.0,1513.0,186.0,2161.0,757.0,1077.0,321.0,199.0,684.0,2543.0,,2220.0,291.0,5474.0,2677.0,1629.0,2263.0,1607.0,3251.0,1269.0,735.0,2722.0,2020.0,3260.0,1753.0,346.0,2142.0,528.0,1161.0,428.0,2403.0,298.0,73.0,8714.0,4677.0,1498.0,610.0,7398.0,519.0,1485.0,527.0,2164.0,3727.0,351.0,1994.0,354.0,1028.0,2292.0,1174.0,133.0
1909-01-01,,2108.0,1545.0,196.0,2282.0,775.0,1097.0,327.0,201.0,724.0,2580.0,,2223.0,311.0,5567.0,2678.0,1658.0,2278.0,1634.0,3316.0,1289.0,740.0,2771.0,2051.0,3279.0,1777.0,363.0,2174.0,555.0,1177.0,431.0,2487.0,314.0,78.0,8935.0,4701.0,1585.0,643.0,7546.0,532.0,1502.0,553.0,2177.0,3821.0,363.0,2038.0,356.0,1091.0,2317.0,1203.0,141.0
1910-01-01,,2150.0,1583.0,206.0,2406.0,804.0,1122.0,334.0,203.0,756.0,2618.0,,2228.0,329.0,5668.0,2713.0,1692.0,2299.0,1667.0,3365.0,1302.0,745.0,2832.0,2086.0,3301.0,1802.0,380.0,2221.0,580.0,1198.0,431.0,2550.0,329.0,82.0,9137.0,4786.0,1671.0,677.0,7706.0,545.0,1523.0,590.0,2191.0,3922.0,377.0,2071.0,357.0,1148.0,2345.0,1231.0,147.0
1911-01-01,,2185.0,1610.0,212.0,2534.0,821.0,1149.0,344.0,207.0,773.0,2644.0,,2249.0,343.0,5757.0,2751.0,1684.0,2324.0,1695.0,3383.0,1324.0,751.0,2916.0,2119.0,3317.0,1810.0,397.0,2276.0,584.0,1216.0,432.0,2610.0,334.0,81.0,9249.0,4821.0,1714.0,692.0,7850.0,556.0,1548.0,602.0,2197.0,4016.0,387.0,2092.0,358.0,1167.0,2369.0,1266.0,150.0
1912-01-01,,2217.0,1636.0,217.0,2668.0,832.0,1176.0,340.0,209.0,801.0,2676.0,,2279.0,359.0,5828.0,2785.0,1671.0,2347.0,1709.0,3440.0,1345.0,753.0,2997.0,2147.0,3344.0,1817.0,414.0,2313.0,603.0,1232.0,434.0,2670.0,338.0,81.0,9361.0,4893.0,1737.0,706.0,7986.0,567.0,1572.0,592.0,2218.0,4107.0,399.0,2122.0,359.0,1184.0,2407.0,1291.0,153.0
1913-01-01,,2279.0,1664.0,236.0,2811.0,835.0,1208.0,358.0,213.0,828.0,2733.0,,2305.0,371.0,5961.0,2824.0,1663.0,2374.0,1727.0,3534.0,1368.0,763.0,3101.0,2190.0,3409.0,1827.0,433.0,2362.0,609.0,1246.0,439.0,2729.0,344.0,82.0,9473.0,4997.0,1777.0,722.0,8139.0,578.0,1599.0,584.0,2257.0,4207.0,410.0,2176.0,361.0,1209.0,2438.0,1317.0,157.0
1914-01-01,,2336.0,1688.0,253.0,2934.0,846.0,1233.0,368.0,216.0,871.0,2776.0,,2338.0,384.0,6109.0,2857.0,1662.0,2395.0,1740.0,3636.0,1389.0,772.0,3183.0,2234.0,3467.0,1832.0,452.0,2421.0,620.0,1264.0,442.0,2789.0,348.0,83.0,9585.0,5109.0,1824.0,736.0,8276.0,589.0,1622.0,581.0,2289.0,4300.0,422.0,2241.0,362.0,1231.0,2490.0,1362.0,163.0
1915-01-01,,2345.0,1702.0,263.0,3008.0,868.0,1258.0,361.0,217.0,922.0,2810.0,,2366.0,394.0,6194.0,2873.0,1687.0,2401.0,1755.0,3705.0,1401.0,774.0,3263.0,2273.0,3492.0,1826.0,469.0,2473.0,641.0,1272.0,443.0,2850.0,351.0,82.0,9700.0,5251.0,1860.0,745.0,8362.0,597.0,1635.0,585.0,2294.0,4368.0,430.0,2294.0,360.0,1239.0,2535.0,1387.0,167.0
1916-01-01,,2359.0,1719.0,282.0,3071.0,892.0,1294.0,360.0,219.0,924.0,2856.0,,2376.0,405.0,6274.0,2897.0,1727.0,2411.0,1799.0,3726.0,1415.0,775.0,3353.0,2308.0,3527.0,1823.0,487.0,2513.0,652.0,1275.0,445.0,2918.0,354.0,82.0,9848.0,5366.0,1907.0,756.0,8463.0,598.0,1650.0,595.0,2304.0,4444.0,436.0,2316.0,360.0,1255.0,2562.0,1414.0,174.0
1917-01-01,,2361.0,1737.0,311.0,3171.0,910.0,1327.0,385.0,222.0,895.0,2885.0,,2382.0,413.0,6313.0,2910.0,1748.0,2421.0,1795.0,3738.0,1428.0,777.0,3451.0,2329.0,3470.0,1820.0,505.0,2546.0,661.0,1285.0,447.0,2976.0,361.0,81.0,9993.0,5510.0,1960.0,763.0,8578.0,606.0,1675.0,599.0,2331.0,4563.0,444.0,2313.0,372.0,1287.0,2587.0,1439.0,186.0
1918-01-01,,2343.0,1749.0,320.0,3262.0,906.0,1329.0,418.0,220.0,865.0,2941.0,,2351.0,405.0,6275.0,2880.0,1729.0,2425.0,1746.0,3695.0,1467.0,760.0,3499.0,2291.0,3325.0,1813.0,501.0,2522.0,636.0,1266.0,440.0,3043.0,382.0,77.0,9936.0,5547.0,1969.0,763.0,8524.0,604.0,1746.0,570.0,2288.0,4666.0,437.0,2359.0,352.0,1341.0,2597.0,1438.0,181.0
1919-01-01,,2337.0,1742.0,329.0,3339.0,938.0,1359.0,445.0,221.0,898.0,2870.0,,2379.0,424.0,6392.0,2906.0,1756.0,2413.0,1756.0,3785.0,1445.0,762.0,3591.0,2346.0,3371.0,1790.0,534.0,2535.0,648.0,1290.0,443.0,3136.0,362.0,77.0,10252.0,5683.0,2003.0,774.0,8643.0,603.0,1687.0,606.0,2305.0,4631.0,446.0,2318.0,352.0,1333.0,2600.0,1464.0,191.0
1920-01-01,,2359.0,1756.0,340.0,3554.0,937.0,1391.0,440.0,219.0,962.0,2926.0,,2400.0,433.0,6663.0,2947.0,1769.0,2421.0,1813.0,3882.0,1464.0,771.0,3723.0,2403.0,3404.0,1800.0,543.0,2588.0,646.0,1300.0,444.0,3198.0,363.0,78.0,10282.0,5799.0,2055.0,788.0,8740.0,613.0,1685.0,640.0,2329.0,4723.0,453.0,2347.0,353.0,1373.0,2679.0,1470.0,197.0
1921-01-01,,2402.0,1769.0,351.0,3795.0,961.0,1415.0,446.0,216.0,997.0,2965.0,,2407.0,435.0,6858.0,2976.0,1779.0,2436.0,1847.0,3951.0,1492.0,775.0,3872.0,2434.0,3429.0,1823.0,546.0,2651.0,646.0,1309.0,449.0,3297.0,370.0,80.0,10416.0,5921.0,2108.0,798.0,8900.0,629.0,1693.0,652.0,2369.0,4853.0,457.0,2395.0,355.0,1405.0,2722.0,1485.0,203.0
1922-01-01,,2434.0,1772.0,360.0,3991.0,965.0,1431.0,450.0,214.0,1044.0,2965.0,,2428.0,436.0,6958.0,2965.0,1799.0,2450.0,1871.0,4010.0,1509.0,778.0,3942.0,2451.0,3437.0,1836.0,543.0,2700.0,647.0,1312.0,451.0,3380.0,375.0,81.0,10589.0,6054.0,2140.0,814.0,8982.0,644.0,1692.0,660.0,2424.0,4955.0,467.0,2412.0,354.0,1415.0,2761.0,1498.0,208.0
1923-01-01,,2464.0,1784.0,371.0,4270.0,984.0,1455.0,453.0,215.0,1097.0,2954.0,,2425.0,436.0,7068.0,3042.0,1808.0,2480.0,1903.0,4057.0,1521.0,781.0,4063.0,2487.0,3454.0,1858.0,538.0,2761.0,648.0,1321.0,453.0,3472.0,382.0,82.0,10752.0,6183.0,2159.0,833.0,9148.0,656.0,1699.0,669.0,2463.0,5077.0,474.0,2423.0,354.0,1433.0,2803.0,1526.0,211.0
1924-01-01,,2501.0,1800.0,382.0,4541.0,1014.0,1481.0,456.0,219.0,1160.0,2920.0,,2420.0,434.0,7215.0,3086.0,1807.0,2531.0,1939.0,4102.0,1537.0,788.0,4214.0,2521.0,3508.0,1886.0,538.0,2830.0,642.0,1333.0,457.0,3573.0,390.0,84.0,10953.0,6319.0,2179.0,856.0,9383.0,669.0,1710.0,673.0,2502.0,5210.0,481.0,2426.0,355.0,1467.0,2833.0,1577.0,215.0
1925-01-01,,2534.0,1812.0,393.0,4730.0,1019.0,1506.0,461.0,222.0,1264.0,2883.0,,2427.0,436.0,7306.0,3119.0,1825.0,2520.0,1972.0,4154.0,1556.0,792.0,4331.0,2540.0,3526.0,1910.0,535.0,2895.0,643.0,1343.0,459.0,3664.0,396.0,85.0,11186.0,6434.0,2216.0,883.0,9478.0,680.0,1718.0,682.0,2531.0,5332.0,487.0,2423.0,355.0,1494.0,2863.0,1593.0,216.0
1926-01-01,,2567.0,1826.0,403.0,4929.0,1016.0,1531.0,469.0,225.0,1368.0,2869.0,,2432.0,441.0,7395.0,3148.0,1836.0,2545.0,2005.0,4194.0,1576.0,793.0,4451.0,2560.0,3556.0,1935.0,531.0,2959.0,651.0,1353.0,463.0,3758.0,403.0,87.0,11257.0,6504.0,2256.0,905.0,9594.0,681.0,1726.0,683.0,2553.0,5453.0,494.0,2419.0,356.0,1516.0,2892.0,1623.0,217.0
1927-01-01,,2609.0,1840.0,414.0,5147.0,1028.0,1557.0,476.0,229.0,1418.0,2891.0,,2441.0,447.0,7519.0,3191.0,1836.0,2551.0,2039.0,4223.0,1599.0,796.0,4589.0,2588.0,3576.0,1962.0,527.0,3027.0,657.0,1365.0,466.0,3891.0,410.0,88.0,11174.0,6577.0,2306.0,925.0,9745.0,677.0,1736.0,682.0,2608.0,5577.0,500.0,2433.0,357.0,1538.0,2916.0,1671.0,219.0
1928-01-01,,2640.0,1847.0,422.0,5344.0,1014.0,1577.0,479.0,233.0,1433.0,2903.0,,2450.0,449.0,7576.0,3212.0,1850.0,2567.0,2064.0,4217.0,1610.0,797.0,4665.0,2592.0,3601.0,1981.0,541.0,3082.0,665.0,1371.0,468.0,3968.0,416.0,89.0,11599.0,6608.0,2344.0,936.0,9802.0,678.0,1739.0,685.0,2624.0,5675.0,504.0,2435.0,358.0,1551.0,2923.0,1696.0,220.0
1929-01-01,,2644.0,1852.0,430.0,5531.0,1008.0,1594.0,483.0,236.0,1445.0,2903.0,,2460.0,447.0,7606.0,3226.0,1867.0,2606.0,2086.0,4229.0,1621.0,797.0,4795.0,2572.0,3622.0,1998.0,524.0,3133.0,674.0,1375.0,467.0,3989.0,420.0,90.0,12171.0,6626.0,2372.0,947.0,9723.0,684.0,1739.0,690.0,2604.0,5762.0,508.0,2425.0,359.0,1555.0,2934.0,1717.0,223.0
1930-01-01,,2647.0,1859.0,434.0,5711.0,1040.0,1613.0,488.0,239.0,1471.0,2910.0,,2475.0,447.0,7644.0,3242.0,1883.0,2623.0,2105.0,4250.0,1636.0,800.0,4834.0,2576.0,3646.0,2006.0,539.0,3167.0,682.0,1380.0,466.0,4068.0,427.0,92.0,12647.0,6662.0,2401.0,956.0,9649.0,686.0,1745.0,693.0,2619.0,5844.0,509.0,2427.0,360.0,1568.0,2950.0,1733.0,226.0
1931-01-01,,2649.0,1848.0,429.0,5824.0,1056.0,1628.0,504.0,242.0,1493.0,2924.0,,2482.0,454.0,7687.0,3257.0,1881.0,2652.0,2124.0,4248.0,1657.0,807.0,4798.0,2614.0,3711.0,1994.0,540.0,3184.0,680.0,1384.0,470.0,4120.0,436.0,94.0,12848.0,6694.0,2403.0,966.0,9707.0,681.0,1753.0,694.0,2657.0,5907.0,513.0,2445.0,359.0,1581.0,2990.0,1740.0,229.0
1932-01-01,,2653.0,1836.0,426.0,5894.0,1066.0,1637.0,513.0,245.0,1521.0,2935.0,,2489.0,459.0,7736.0,3281.0,1883.0,2676.0,2155.0,4259.0,1678.0,815.0,4780.0,2646.0,3746.0,2004.0,540.0,3227.0,676.0,1386.0,474.0,4120.0,441.0,96.0,13001.0,6717.0,2394.0,972.0,9764.0,677.0,1748.0,692.0,2711.0,5961.0,517.0,2452.0,358.0,1584.0,3021.0,1747.0,230.0
1933-01-01,,2661.0,1854.0,426.0,5963.0,1071.0,1642.0,529.0,248.0,1552.0,2950.0,,2495.0,464.0,7768.0,3304.0,1877.0,2698.0,2178.0,4282.0,1694.0,821.0,4780.0,2673.0,3773.0,2031.0,541.0,3268.0,674.0,1385.0,477.0,4107.0,449.0,96.0,13126.0,6740.0,2392.0,978.0,9784.0,675.0,1752.0,690.0,2747.0,6014.0,520.0,2460.0,357.0,1592.0,3040.0,1752.0,230.0
1934-01-01,,2685.0,1878.0,428.0,6060.0,1075.0,1650.0,568.0,250.0,1585.0,2964.0,,2510.0,473.0,7772.0,3319.0,1868.0,2722.0,2202.0,4305.0,1710.0,829.0,4798.0,2695.0,3784.0,2050.0,545.0,3304.0,672.0,1382.0,480.0,4089.0,461.0,98.0,13253.0,6751.0,2391.0,985.0,9795.0,675.0,1760.0,682.0,2784.0,6053.0,522.0,2485.0,357.0,1610.0,3054.0,1771.0,233.0
1935-01-01,,2719.0,1890.0,434.0,6175.0,1078.0,1666.0,608.0,252.0,1613.0,2955.0,,2524.0,481.0,7797.0,3332.0,1872.0,2748.0,2228.0,4343.0,1729.0,836.0,4838.0,2717.0,3798.0,2061.0,550.0,3323.0,670.0,1375.0,481.0,4085.0,475.0,100.0,13375.0,6787.0,2386.0,1001.0,9774.0,678.0,1769.0,674.0,2798.0,6123.0,526.0,2520.0,357.0,1629.0,3070.0,1794.0,237.0
1936-01-01,,2743.0,1892.0,443.0,6341.0,1090.0,1672.0,629.0,253.0,1651.0,2978.0,,2509.0,495.0,7840.0,3348.0,1869.0,2768.0,2246.0,4355.0,1745.0,840.0,4889.0,2734.0,3801.0,2072.0,554.0,3346.0,664.0,1358.0,481.0,4084.0,489.0,101.0,13481.0,6801.0,2365.0,1025.0,9767.0,686.0,1781.0,666.0,2791.0,6192.0,527.0,2552.0,357.0,1653.0,3082.0,1808.0,240.0
1937-01-01,,2762.0,1903.0,453.0,6528.0,1104.0,1678.0,616.0,254.0,1709.0,3037.0,,2498.0,507.0,7857.0,3374.0,1856.0,2784.0,2257.0,4358.0,1754.0,842.0,4968.0,2746.0,3794.0,2086.0,554.0,3385.0,655.0,1339.0,481.0,4088.0,503.0,103.0,13511.0,6809.0,2334.0,1048.0,9790.0,694.0,1802.0,656.0,2795.0,6250.0,529.0,2590.0,356.0,1681.0,3088.0,1813.0,243.0
1938-01-01,,2787.0,1928.0,466.0,6656.0,1112.0,1684.0,638.0,257.0,1771.0,3091.0,,2494.0,513.0,7866.0,3386.0,1842.0,2800.0,2285.0,4365.0,1766.0,843.0,5056.0,2753.0,3781.0,2127.0,552.0,3440.0,647.0,1326.0,485.0,4100.0,513.0,105.0,13512.0,6837.0,2324.0,1067.0,9952.0,694.0,1834.0,649.0,2821.0,6301.0,535.0,2638.0,356.0,1698.0,3098.0,1828.0,246.0
1939-01-01,,2814.0,1948.0,484.0,6785.0,1120.0,1696.0,658.0,263.0,1836.0,3120.0,,2520.0,521.0,7890.0,3403.0,1824.0,2825.0,2334.0,4347.0,1793.0,846.0,5156.0,2771.0,3783.0,2168.0,555.0,3514.0,644.0,1318.0,490.0,4129.0,523.0,107.0,13523.0,6886.0,2333.0,1081.0,9901.0,701.0,1872.0,645.0,2874.0,6360.0,543.0,2670.0,358.0,1715.0,3121.0,1868.0,248.0
1940-01-01,,2845.0,1955.0,499.0,6950.0,1130.0,1708.0,690.0,269.0,1915.0,3119.0,,2537.0,522.0,7905.0,3433.0,1788.0,2859.0,2370.0,4318.0,1839.0,849.0,5315.0,2790.0,3786.0,2176.0,558.0,3574.0,640.0,1316.0,492.0,4175.0,531.0,113.0,13456.0,6929.0,2325.0,1086.0,9896.0,719.0,1902.0,641.0,2935.0,6425.0,552.0,2720.0,363.0,1740.0,3143.0,1907.0,250.0
1941-01-01,,2902.0,1969.0,490.0,7237.0,1124.0,1746.0,764.0,275.0,2017.0,3179.0,,2491.0,501.0,7995.0,3483.0,1765.0,2824.0,2484.0,4389.0,1913.0,852.0,5472.0,2718.0,3811.0,2184.0,543.0,3589.0,615.0,1272.0,490.0,4254.0,506.0,120.0,13267.0,6958.0,2262.0,1071.0,9911.0,731.0,1962.0,613.0,2973.0,6585.0,551.0,2855.0,348.0,1789.0,3140.0,1885.0,247.0
1942-01-01,,2941.0,1977.0,524.0,7735.0,1113.0,1792.0,851.0,279.0,2151.0,3209.0,,2439.0,478.0,8057.0,3507.0,1760.0,2797.0,2546.0,4370.0,1998.0,839.0,5549.0,2662.0,3829.0,2210.0,518.0,3569.0,583.0,1239.0,481.0,4297.0,502.0,137.0,13002.0,6969.0,2215.0,1107.0,9704.0,748.0,2007.0,589.0,2939.0,6711.0,575.0,3038.0,343.0,1901.0,3053.0,1831.0,251.0
1943-01-01,,2902.0,1843.0,692.0,8506.0,1153.0,1792.0,900.0,282.0,2451.0,3245.0,,2334.0,500.0,7761.0,3449.0,1796.0,2693.0,2565.0,4257.0,2089.0,806.0,5405.0,2577.0,3705.0,2280.0,485.0,3654.0,546.0,1241.0,462.0,4226.0,534.0,151.0,12807.0,6868.0,2205.0,1221.0,9444.0,760.0,1967.0,587.0,2972.0,7012.0,631.0,3130.0,327.0,2027.0,3014.0,1741.0,247.0
1944-01-01,,2802.0,1768.0,610.0,8945.0,1137.0,1778.0,881.0,285.0,2420.0,3176.0,,2301.0,529.0,7719.0,3440.0,1779.0,2631.0,2508.0,4192.0,2118.0,801.0,5467.0,2526.0,3560.0,2167.0,469.0,3560.0,534.0,1216.0,456.0,4158.0,527.0,153.0,12628.0,6918.0,2043.0,1233.0,9214.0,795.0,1943.0,565.0,2868.0,6876.0,605.0,3248.0,314.0,2092.0,2980.0,1706.0,242.0
1945-01-01,,2775.0,1762.0,594.0,9344.0,1116.0,1769.0,876.0,286.0,2465.0,3119.0,,2308.0,507.0,7601.0,3427.0,1731.0,2597.0,2429.0,4201.0,2096.0,800.0,5475.0,2537.0,3516.0,2090.0,477.0,3533.0,546.0,1211.0,459.0,4108.0,537.0,149.0,12495.0,6916.0,2028.0,1250.0,9143.0,776.0,1934.0,579.0,2878.0,6826.0,591.0,3193.0,315.0,2206.0,2961.0,1708.0,239.0
1946-01-01,,2911.0,1797.0,616.0,9559.0,1203.0,1906.0,899.0,299.0,2440.0,3242.0,,2467.0,509.0,8155.0,3702.0,1805.0,2761.0,2556.0,4494.0,2214.0,832.0,5874.0,2734.0,3746.0,2064.0,514.0,3706.0,570.0,1256.0,494.0,4492.0,561.0,143.0,13398.0,7512.0,2128.0,1338.0,9866.0,770.0,1936.0,588.0,3074.0,7197.0,638.0,3212.0,342.0,2288.0,3167.0,1826.0,254.0
1947-01-01,,2942.0,1836.0,653.0,9832.0,1237.0,1967.0,888.0,305.0,2528.0,3272.0,,2509.0,522.0,8341.0,3779.0,1853.0,2803.0,2579.0,4580.0,2248.0,854.0,6076.0,2796.0,3845.0,2107.0,531.0,3769.0,578.0,1265.0,507.0,4618.0,582.0,149.0,13982.0,7705.0,2133.0,1361.0,10196.0,776.0,1992.0,601.0,3166.0,7388.0,636.0,3201.0,354.0,2211.0,3250.0,1883.0,258.0
1948-01-01,,2969.0,1825.0,690.0,10064.0,1263.0,2014.0,840.0,312.0,2578.0,3259.0,,2543.0,551.0,8552.0,3877.0,1892.0,2817.0,2596.0,4674.0,2271.0,878.0,6213.0,2868.0,3844.0,2076.0,542.0,3837.0,580.0,1265.0,520.0,4774.0,604.0,156.0,14497.0,7876.0,2089.0,1405.0,10287.0,787.0,1996.0,612.0,3216.0,7626.0,653.0,3207.0,359.0,2255.0,3314.0,1899.0,269.0
1949-01-01,,3000.0,1844.0,714.0,10337.0,1295.0,2032.0,807.0,316.0,2668.0,3325.0,,2578.0,570.0,8670.0,3958.0,1925.0,2849.0,2634.0,4741.0,2329.0,903.0,6332.0,2935.0,3882.0,2085.0,569.0,3911.0,597.0,1302.0,533.0,4889.0,644.0,157.0,14892.0,7973.0,2105.0,1431.0,10390.0,801.0,2029.0,631.0,3236.0,7623.0,671.0,3292.0,369.0,2294.0,3391.0,1930.0,277.0
1950-01-01,135.0,3058.0,1908.0,756.0,10677.0,1325.0,2016.0,806.0,321.0,2810.0,3458.0,498.0,2625.0,590.0,8738.0,3967.0,1916.0,2936.0,2697.0,4686.0,2355.0,917.0,6407.0,2997.0,3964.0,2176.0,593.0,4068.0,619.0,1327.0,532.0,4872.0,689.0,162.0,14865.0,7980.0,2229.0,1532.0,10507.0,786.0,2113.0,655.0,3315.0,7776.0,696.0,3315.0,379.0,2387.0,3438.0,2006.0,290.0
1951-01-01,158.0,3059.0,1901.0,785.0,11134.0,1326.0,2028.0,808.0,331.0,2980.0,3531.0,514.0,2617.0,589.0,8790.0,4096.0,1950.0,2941.0,2769.0,4654.0,2441.0,916.0,6497.0,3010.0,4015.0,2163.0,596.0,4120.0,604.0,1316.0,529.0,5006.0,717.0,168.0,14890.0,8061.0,2210.0,1556.0,10461.0,784.0,2167.0,655.0,3372.0,8111.0,706.0,3434.0,378.0,2424.0,3439.0,1984.0,291.0
1952-01-01,189.0,3068.0,1838.0,842.0,11635.0,1365.0,2081.0,805.0,341.0,3157.0,3584.0,517.0,2626.0,587.0,8956.0,4148.0,1977.0,2920.0,2842.0,4650.0,2500.0,915.0,6650.0,3030.0,3972.0,2152.0,602.0,4109.0,608.0,1311.0,535.0,5125.0,735.0,181.0,15192.0,8275.0,2219.0,1582.0,10503.0,802.0,2178.0,651.0,3352.0,8314.0,724.0,3504.0,375.0,2448.0,3469.0,1957.0,293.0
1953-01-01,205.0,3053.0,1780.0,894.0,12251.0,1431.0,2168.0,810.0,351.0,3310.0,3558.0,510.0,2629.0,596.0,9065.0,4182.0,1994.0,2903.0,2866.0,4806.0,2567.0,913.0,6822.0,3050.0,4020.0,2105.0,616.0,4120.0,609.0,1318.0,547.0,5229.0,756.0,195.0,15527.0,8591.0,2182.0,1601.0,10662.0,815.0,2181.0,648.0,3319.0,8336.0,739.0,3557.0,379.0,2466.0,3506.0,1929.0,290.0
1954-01-01,215.0,3014.0,1734.0,933.0,12746.0,1493.0,2249.0,791.0,368.0,3505.0,3602.0,505.0,2626.0,600.0,9252.0,4264.0,2042.0,2902.0,2883.0,4910.0,2685.0,927.0,7066.0,3113.0,4066.0,2064.0,624.0,4131.0,611.0,1340.0,554.0,5360.0,763.0,213.0,15814.0,8873.0,2209.0,1626.0,10817.0,816.0,2176.0,655.0,3359.0,8382.0,750.0,3555.0,377.0,2516.0,3608.0,1905.0,293.0
1955-01-01,222.0,3050.0,1725.0,987.0,13133.0,1546.0,2300.0,785.0,389.0,3747.0,3636.0,539.0,2679.0,618.0,9435.0,4363.0,2093.0,2910.0,2946.0,4882.0,2742.0,934.0,7285.0,3172.0,4134.0,2060.0,636.0,4242.0,615.0,1374.0,557.0,5502.0,785.0,237.0,15966.0,9017.0,2250.0,1659.0,10939.0,823.0,2200.0,663.0,3415.0,8660.0,783.0,3588.0,375.0,2604.0,3679.0,1880.0,307.0
1956-01-01,224.0,3071.0,1704.0,1053.0,13713.0,1625.0,2316.0,759.0,408.0,4047.0,3701.0,559.0,2703.0,628.0,9530.0,4458.0,2119.0,2898.0,3032.0,4891.0,2811.0,938.0,7467.0,3240.0,4163.0,2086.0,656.0,4309.0,613.0,1397.0,566.0,5615.0,806.0,250.0,16112.0,9207.0,2273.0,1698.0,10972.0,840.0,2229.0,670.0,3415.0,8830.0,809.0,3722.0,377.0,2668.0,3742.0,1857.0,312.0
1957-01-01,231.0,3109.0,1733.0,1125.0,14264.0,1664.0,2359.0,763.0,426.0,4372.0,3766.0,584.0,2716.0,642.0,9668.0,4529.0,2128.0,2928.0,3115.0,4929.0,2873.0,943.0,7569.0,3274.0,4189.0,2088.0,667.0,4368.0,612.0,1394.0,572.0,5737.0,847.0,260.0,16374.0,9410.0,2282.0,1712.0,10954.0,851.0,2274.0,666.0,3434.0,9070.0,826.0,3844.0,376.0,2724.0,3791.0,1843.0,314.0
1958-01-01,224.0,3163.0,1726.0,1193.0,14880.0,1667.0,2446.0,757.0,433.0,4630.0,3804.0,605.0,2708.0,646.0,9886.0,4583.0,2142.0,2961.0,3155.0,5010.0,2982.0,944.0,7667.0,3313.0,4186.0,2086.0,666.0,4376.0,606.0,1383.0,581.0,5890.0,886.0,269.0,16601.0,9599.0,2267.0,1718.0,11058.0,858.0,2304.0,656.0,3471.0,9252.0,845.0,3914.0,380.0,2773.0,3843.0,1845.0,315.0
1959-01-01,224.0,3204.0,1756.0,1261.0,15467.0,1710.0,2523.0,761.0,441.0,4808.0,3868.0,622.0,2729.0,657.0,9986.0,4613.0,2160.0,2999.0,3208.0,5117.0,3066.0,957.0,7767.0,3366.0,4258.0,2138.0,669.0,4458.0,618.0,1397.0,596.0,6015.0,919.0,279.0,16685.0,9671.0,2289.0,1746.0,11234.0,857.0,2348.0,667.0,3522.0,9405.0,870.0,3951.0,387.0,2821.0,3891.0,1855.0,320.0
1960-01-01,229.0,3274.0,1789.0,1321.0,15870.0,1769.0,2544.0,765.0,449.0,5004.0,3956.0,642.0,2756.0,671.0,10086.0,4674.0,2183.0,3041.0,3260.0,5160.0,3113.0,975.0,7834.0,3425.0,4326.0,2182.0,679.0,4573.0,634.0,1417.0,609.0,6103.0,954.0,291.0,16838.0,9734.0,2336.0,1772.0,11329.0,855.0,2392.0,683.0,3575.0,9624.0,900.0,3986.0,389.0,2855.0,3962.0,1853.0,331.0
1961-01-01,238.0,3316.0,1806.0,1407.0,16497.0,1844.0,2586.0,778.0,461.0,5243.0,4015.0,659.0,2756.0,684.0,10130.0,4730.0,2215.0,3054.0,3287.0,5219.0,3176.0,995.0,7893.0,3470.0,4349.0,2206.0,696.0,4663.0,641.0,1446.0,618.0,6265.0,965.0,315.0,17061.0,9854.0,2380.0,1787.0,11392.0,858.0,2409.0,693.0,3622.0,9820.0,936.0,4095.0,390.0,2882.0,4009.0,1828.0,337.0
1962-01-01,246.0,3323.0,1853.0,1471.0,17072.0,1899.0,2647.0,788.0,469.0,5458.0,4086.0,684.0,2750.0,692.0,10280.0,4736.0,2231.0,3079.0,3345.0,5263.0,3263.0,994.0,7933.0,3513.0,4357.0,2243.0,698.0,4707.0,637.0,1464.0,632.0,6376.0,979.0,352.0,17301.0,9929.0,2427.0,1818.0,11355.0,871.0,2423.0,705.0,3673.0,10053.0,958.0,4180.0,393.0,2942.0,4049.0,1809.0,333.0
1963-01-01,256.0,3358.0,1875.0,1521.0,17668.0,1936.0,2727.0,798.0,483.0,5628.0,4172.0,682.0,2747.0,683.0,10402.0,4799.0,2217.0,3096.0,3377.0,5344.0,3386.0,993.0,8058.0,3531.0,4392.0,2244.0,703.0,4742.0,644.0,1476.0,649.0,6531.0,989.0,397.0,17461.0,9986.0,2439.0,1853.0,11424.0,876.0,2460.0,708.0,3718.0,10159.0,974.0,4276.0,397.0,2955.0,4112.0,1796.0,336.0
1964-01-01,263.0,3395.0,1897.0,1556.0,18151.0,1970.0,2798.0,798.0,497.0,5781.0,4258.0,700.0,2746.0,680.0,10580.0,4856.0,2209.0,3129.0,3446.0,5448.0,3492.0,993.0,8187.0,3558.0,4442.0,2241.0,706.0,4802.0,649.0,1482.0,663.0,6660.0,1006.0,426.0,17589.0,10080.0,2446.0,1888.0,11519.0,885.0,2475.0,701.0,3771.0,10270.0,978.0,4357.0,399.0,2961.0,4165.0,1797.0,339.0
1965-01-01,271.0,3443.0,1894.0,1584.0,18585.0,1985.0,2857.0,797.0,507.0,5954.0,4332.0,704.0,2742.0,686.0,10693.0,4922.0,2206.0,3140.0,3496.0,5502.0,3600.0,997.0,8357.0,3592.0,4467.0,2246.0,706.0,4863.0,649.0,1471.0,676.0,6767.0,1012.0,444.0,17734.0,10201.0,2440.0,1937.0,11620.0,893.0,2494.0,692.0,3798.0,10378.0,994.0,4411.0,404.0,2967.0,4232.0,1786.0,332.0
1966-01-01,271.0,3464.0,1899.0,1614.0,18858.0,2007.0,2903.0,791.0,516.0,6104.0,4379.0,710.0,2762.0,689.0,10836.0,4999.0,2200.0,3147.0,3550.0,5535.0,3695.0,999.0,8512.0,3617.0,4523.0,2245.0,707.0,4896.0,647.0,1456.0,681.0,6851.0,1007.0,446.0,17843.0,10330.0,2454.0,1969.0,11664.0,899.0,2520.0,683.0,3822.0,10492.0,1009.0,4456.0,413.0,3057.0,4274.0,1775.0,323.0
1967-01-01,278.0,3458.0,1901.0,1646.0,19176.0,2053.0,2935.0,791.0,525.0,6242.0,4408.0,723.0,2793.0,688.0,10947.0,5053.0,2197.0,3172.0,3581.0,5594.0,3757.0,1004.0,8630.0,3659.0,4539.0,2228.0,701.0,4952.0,626.0,1457.0,697.0,6928.0,1000.0,449.0,17935.0,10414.0,2489.0,1979.0,11681.0,909.0,2533.0,671.0,3859.0,10599.0,1019.0,4508.0,423.0,3174.0,4303.0,1769.0,322.0
1968-01-01,285.0,3446.0,1902.0,1682.0,19394.0,2120.0,2964.0,778.0,534.0,6433.0,4482.0,734.0,2803.0,695.0,10995.0,5093.0,2216.0,3195.0,3603.0,5618.0,3815.0,994.0,8696.0,3703.0,4568.0,2219.0,700.0,5004.0,621.0,1467.0,709.0,7005.0,994.0,464.0,18051.0,10516.0,2503.0,2004.0,11741.0,922.0,2559.0,669.0,3878.0,10819.0,1029.0,4558.0,430.0,3270.0,4345.0,1763.0,324.0
1969-01-01,296.0,3440.0,1913.0,1737.0,19711.0,2166.0,3000.0,762.0,540.0,6641.0,4551.0,750.0,2805.0,707.0,11039.0,5143.0,2236.0,3198.0,3619.0,5650.0,3868.0,992.0,8781.0,3758.0,4640.0,2220.0,694.0,5031.0,621.0,1474.0,724.0,7095.0,1011.0,480.0,18105.0,10563.0,2535.0,2062.0,11741.0,932.0,2570.0,668.0,3897.0,11045.0,1047.0,4614.0,437.0,3343.0,4378.0,1746.0,329.0
1970-01-01,302.58299999999997,3444.3540000000003,1923.3220000000001,1775.399,19971.069,2209.596,3032.217,756.668,548.104,6791.418000000001,4587.93,769.913,2825.368,713.015,11110.285,5195.392,2249.071,3220.711,3644.637,5689.17,3923.897,993.722,8881.826,3806.103,4677.623,2216.994,694.409,5084.411,617.7919999999999,1485.3329999999999,737.681,7171.111999999999,1017.055,488.73800000000006,18241.391,10657.423,2559.4629999999997,2091.533,11800.766000000001,949.7230000000001,2590.7129999999997,666.257,3926.018,11198.655,1059.2730000000001,4651.448,444.73199999999997,3413.244,4417.821,1744.237,332.416
1971-01-01,315.51,3497.0759999999996,1972.3120000000001,1895.8139999999999,20345.939,2303.524,3060.938,749.7810000000001,564.7080000000001,7158.304,4711.55,801.6439999999999,2851.705,738.753,11202.396999999999,5253.396,2246.6,3298.053,3710.487,5737.58,4018.324,1015.39,8974.186,3853.486,4725.764,2265.4320000000002,710.814,5203.531,626.76,1504.604,761.8510000000001,7281.107,1053.737,520.018,18357.982,10734.818000000001,2618.601,2151.022,11886.4,963.107,2662.2690000000002,671.297,4013.6079999999997,11509.848,1101.192,4750.838,454.31800000000004,3447.553,4462.155,1770.6570000000002,340.285
1972-01-01,324.464,3539.4,2018.638,2008.2910000000002,20585.468999999997,2404.619,3068.699,742.2410000000001,572.913,7511.463000000001,4809.49,828.331,2860.2870000000003,763.237,11251.948,5302.435,2256.375,3335.728,3761.6459999999997,5760.302,4073.4990000000003,1034.292,9028.944,3869.7470000000003,4758.78,2307.117,718.732,5301.15,631.119,1519.013,781.107,7335.0419999999995,1078.697,546.789,18339.4,10746.993,2658.6459999999997,2197.297,11908.233,974.79,2719.197,677.2339999999999,4094.611,11759.148000000001,1135.4489999999998,4824.472,463.14300000000003,3447.885,4502.412,1797.648,347.345
1973-01-01,330.543,3579.78,2059.256,2124.438,20868.728,2495.868,3067.8140000000003,731.488,577.759,7913.696,4910.374,851.595,2863.715,782.074,11251.367,5338.276999999999,2265.603,3371.0240000000003,3788.375,5781.172,4097.974,1045.655,9077.956,3889.3320000000003,4782.645,2349.5460000000003,726.798,5389.852,632.675,1529.567,800.951,7333.0830000000005,1105.529,568.991,18177.063000000002,10767.313999999998,2695.9309999999996,2241.9320000000002,11890.527,975.738,2776.605,678.715,4147.401,12019.543,1170.04,4901.292,468.43,3478.782,4524.244000000001,1806.36,354.061
1974-01-01,341.06300000000005,3626.4990000000003,2101.403,2223.196,21173.865,2541.406,3074.047,717.947,581.418,8298.761999999999,4999.419,867.9780000000001,2867.53,807.99,11262.145,5361.89,2269.499,3416.315,3820.1090000000004,5773.548000000001,4118.815,1059.04,9117.507,3903.925,4795.93,2378.268,736.419,5470.911,634.559,1539.191,815.914,7332.411,1131.309,596.822,18049.775,10765.758999999998,2734.768,2285.013,11870.883999999998,950.615,2844.7490000000003,679.585,4213.509,12268.628999999999,1200.471,4971.069,473.00199999999995,3549.946,4545.782,1815.4470000000001,365.501
1975-01-01,376.17,3678.8140000000003,2159.526,2284.847,21537.849,2586.192,3082.5,706.8710000000001,586.589,8518.421999999999,5064.075,886.16,2880.847,831.982,11291.743,5365.766,2280.578,3467.7690000000002,3886.1040000000003,5757.755999999999,4139.096,1071.995,9117.668,3932.515,4808.308,2399.449,748.2080000000001,5547.188,638.886,1543.1170000000002,828.555,7337.765,1159.944,619.972,18003.485,10770.425,2774.683,2329.661,11906.095,942.788,2902.028,681.0419999999999,4275.566,12568.843,1236.03,5047.395,479.713,3621.3390000000004,4578.986,1842.25,381.695
1976-01-01,400.969,3735.139,2170.161,2346.157,21935.909,2632.3059999999996,3083.335,692.295,590.1659999999999,8667.379,5132.812,904.191,2903.0820000000003,856.9830000000001,11342.853000000001,5389.088000000001,2301.001,3529.257,3950.605,5743.672,4150.539000000001,1088.412,9129.205,3964.68,4839.029,2429.756,757.317,5607.964,645.797,1550.911,845.248,7339.745,1189.295,646.975,17940.541,10752.662,2826.815,2378.262,11897.378,946.0889999999999,2943.657,686.39,4346.928,12904.089,1274.928,5121.863,484.92800000000005,3693.61,4595.904,1879.503,396.952
1977-01-01,403.436,3780.403,2209.01,2425.197,22352.396,2696.14,3085.722,677.2280000000001,591.8290000000001,8856.183,5219.697,918.2589999999999,2913.573,883.4689999999999,11386.316,5425.638000000001,2320.647,3573.6929999999998,4014.4590000000003,5738.1990000000005,4169.595,1103.578,9171.11,3989.364,4863.173,2459.201,769.953,5685.607,649.769,1556.842,869.763,7337.169,1215.72,678.3330000000001,17812.602,10771.393999999998,2870.014,2446.673,11893.591,950.23,2991.6809999999996,688.48,4422.920999999999,13193.05,1319.5120000000002,5193.112,491.931,3776.05,4626.514,1908.088,413.35400000000004
1978-01-01,404.76599999999996,3831.836,2243.127,2515.3160000000003,22835.958,2766.748,3091.627,665.052,594.776,9102.032,5295.751,931.584,2918.0690000000004,910.69,11412.561000000002,5470.214,2335.657,3609.9759999999997,4068.579,5736.469,4183.603,1113.566,9217.761,4015.341,4889.399,2487.8160000000003,782.317,5759.491999999999,651.3009999999999,1563.884,891.52,7350.804,1238.0339999999999,719.436,17680.589,10795.581,2917.336,2518.298,11879.396,951.816,3044.364,688.58,4486.314,13500.428999999998,1367.51,5270.24,498.10900000000004,3889.073,4646.108,1923.395,432.88
1979-01-01,402.75300000000004,3866.248,2271.333,2635.571,23256.88,2849.2340000000004,3095.917,650.016,594.984,9426.159,5401.384,953.306,2915.739,932.627,11396.837,5501.174,2350.906,3641.804,4137.665,5738.404,4191.16,1122.563,9266.268,4050.316,4912.43,2507.069,787.305,5823.491,652.896,1567.344,909.074,7366.512,1284.722,765.367,17583.838,10798.298,2975.31,2588.012,11887.975,950.382,3090.2670000000003,688.335,4560.473,13888.371000000001,1420.2379999999998,5307.945,505.37199999999996,4017.632,4682.811,1942.146,454.37800000000004
1980-01-01,405.315,3900.368,2288.738,2737.7740000000003,23800.8,2908.803,3113.1740000000004,638.284,594.919,9839.835,5486.174,967.71,2914.018,947.9830000000001,11434.702,5490.721,2369.0389999999998,3664.2209999999995,4223.101,5746.075,4227.643,1126.86,9255.553,4085.0170000000003,4921.965999999999,2525.342,788.752,5898.98,654.38,1572.296,924.25,7376.33,1309.4,810.215,17566.754,10800.65,3040.758,2641.218,11868.305,948.773,3134.502,690.8510000000001,4600.252,14338.208,1472.595,5368.334,512.524,4154.678,4712.045,1951.349,474.185
1981-01-01,418.491,3918.531,2293.201,2810.107,24285.932999999997,2977.8979999999997,3128.836,636.893,595.975,10192.774,5568.345,978.195,2907.9829999999997,962.204,11443.458,5480.435,2384.849,3670.3940000000002,4283.303,5768.685,4261.905,1133.0330000000001,9209.287,4111.728,4932.064,2539.036,795.328,5956.653,659.505,1578.515,936.6210000000001,7407.472,1332.7479999999998,847.655,17567.734,10788.33,3096.164,2667.982,11858.567,953.013,3179.255,689.584,4627.657999999999,14746.318000000001,1515.471,5444.097,515.594,4235.731,4726.343,1954.124,491.712
1982-01-01,449.606,3925.2659999999996,2294.257,2889.861,24820.009,3061.5640000000003,3139.013,634.174,599.148,10471.407,5649.7919999999995,993.78,2888.1890000000003,973.721,11423.412,5467.922,2401.202,3683.445,4352.608,5771.222,4282.923,1136.684,9115.198,4131.45,4929.451,2556.777,803.9860000000001,6019.101,668.972,1581.78,947.7189999999999,7430.968000000001,1363.8229999999999,881.5369999999999,17589.738,10757.087,3206.123,2664.922,11845.146,954.17,3207.614,690.597,4646.041,15331.415,1558.3139999999999,5492.783,519.109,4276.552,4728.87,1949.604,506.4
1983-01-01,488.417,3934.1020000000003,2305.761,2968.925,25360.026,3133.63,3162.3540000000003,632.433,605.4580000000001,10749.851,5728.25,1012.717,2870.5429999999997,981.8689999999999,11408.818000000001,5450.395,2415.531,3694.4840000000004,4395.316,5799.406999999999,4313.327,1144.772,9047.754,4141.456,4943.733,2567.717,814.0310000000001,6077.056,676.688,1584.293,958.1339999999999,7467.785,1394.361,901.977,17686.905,10737.632,3290.402,2653.066,11837.723,956.382,3234.066,693.008,4659.749,15751.676000000001,1594.943,5564.656999999999,523.302,4300.266,4721.438,1945.0610000000001,510.345
1984-01-01,513.702,3951.82,2319.768,3067.135,25844.392999999996,3169.992,3180.014,633.382,611.565,11039.925,5834.954000000001,1027.922,2858.618,990.8389999999999,11412.132,5458.321999999999,2424.0860000000002,3695.453,4400.477,5840.773,4365.2429999999995,1155.635,9049.452,4157.706,4975.278,2578.051,820.905,6164.005999999999,680.497,1588.639,976.8639999999999,7515.473000000001,1416.717,924.922,17745.683999999997,10737.746000000001,3285.533,2666.5879999999997,11815.171999999999,961.8939999999999,3271.868,697.2489999999999,4686.737,16007.086000000001,1622.342,5643.87,526.66,4343.656,4735.563,1927.6970000000001,504.89599999999996
1985-01-01,532.495,3972.5229999999997,2327.0460000000003,3183.538,26441.109,3208.723,3201.131,634.549,618.28,11351.118,5962.661,1039.698,2829.684,994.051,11399.806,5459.210999999999,2427.405,3694.8259999999996,4408.1179999999995,5880.733,4413.071,1162.9360000000001,9076.293,4184.302,5000.268,2588.1020000000003,822.32,6253.954000000001,676.98,1584.664,996.753,7565.528,1438.361,951.03,17791.672,10734.926000000001,3271.3320000000003,2672.652,11770.862,968.955,3303.2090000000003,698.4019999999999,4715.295999999999,16272.733999999999,1642.91,5715.153,530.035,4400.098,4747.767,1906.8310000000001,499.695
1986-01-01,544.268,3991.5690000000004,2331.984,3308.262,27102.237,3237.45,3223.74,638.269,627.559,11667.505,6084.666,1051.762,2791.97,990.2239999999999,11387.257,5454.108,2432.619,3687.809,4406.919,5902.678000000001,4486.957,1170.126,9127.775,4205.212,5023.068,2593.597,813.7389999999999,6321.578,669.512,1574.3329999999999,1025.053,7622.159000000001,1462.729,980.613,17833.418999999998,10730.268,3252.735,2683.528,11782.752,977.341,3342.758,696.034,4738.708,16561.113,1662.8339999999998,5811.7,534.066,4452.72,4755.6179999999995,1882.35,495.63300000000004
1987-01-01,539.309,4015.264,2342.355,3437.103,27777.158,3260.48,3247.2909999999997,636.93,636.947,11997.283000000001,6208.467,1067.9180000000001,2767.011,984.997,11391.178,5473.012,2445.367,3683.329,4344.148,5935.204000000001,4565.557,1184.5739999999998,9187.481,4235.1359999999995,5056.696,2588.545,805.063,6403.7,661.1360000000001,1566.547,1054.289,7670.741999999999,1478.52,1023.3760000000001,17868.848,10760.09,3210.1220000000003,2700.991,11810.866000000002,989.6039999999999,3380.506,696.0360000000001,4782.927,16621.791,1678.119,5932.268,540.2669999999999,4531.901,4777.919,1857.585,476.965
1988-01-01,541.9830000000001,4023.844,2342.656,3535.183,28464.249,3262.281,3271.953,630.432,647.622,12306.395,6316.142,1079.828,2768.388,985.664,11390.183,5491.735,2461.996,3679.9990000000003,4288.863,5979.982,4657.904,1203.84,9217.998,4296.166,5081.736,2580.3520000000003,800.202,6480.594,655.331,1571.477,1082.577,7712.3330000000005,1490.3370000000002,1075.022,17941.308999999997,10798.552,3167.0570000000002,2741.297,11845.752,996.408,3412.0959999999995,698.165,4822.437,16667.022,1689.372,6036.909000000001,549.763,4639.893,4822.388,1830.215,465.101
1989-01-01,547.159,4030.222,2346.3579999999997,3622.185,29218.164,3275.8179999999998,3283.403,624.168,658.273,12637.715,6411.099,1094.588,2770.592,994.416,11409.782,5523.693,2472.849,3677.3059999999996,4252.894,6015.478,4727.3009999999995,1219.961,9253.295,4338.057,5095.83,2574.269,799.6360000000001,6565.459,646.351,1574.864,1104.522,7726.089,1503.901,1137.382,17983.086,10829.216999999999,3150.3070000000002,2790.575,11865.996000000001,1000.666,3456.775,696.701,4854.444,16806.735,1705.864,6120.246,557.707,4746.316,4856.5740000000005,1806.568,458.374
1990-01-01,553.12,4048.508,2354.343,3679.0559999999996,29950.111,3303.862,3289.0559999999996,603.814,669.063,13018.365,6506.531,1112.703,2779.7690000000002,1011.882,11446.979,5555.097,2480.683,3692.5840000000003,4219.179,6018.664000000001,4797.431,1231.296,9310.462,4387.282999999999,5126.37,2577.426,799.824,6656.986999999999,637.364,1580.664,1111.8310000000001,7757.158,1519.933,1218.629,18002.855,10861.837,3147.105,2858.547,11895.604,1004.6489999999999,3499.0640000000003,696.6669999999999,4890.626,17044.714,1729.7220000000002,6213.526,564.526,4900.78,4902.265,1792.481,453.401
1991-01-01,569.273,4091.025,2370.666,3762.3940000000002,30414.113999999998,3367.567,3288.64,593.239,680.495,13289.497,6621.279,1131.412,2791.2270000000003,1038.915,11535.973,5602.062,2495.209,3714.6859999999997,4240.95,5998.651999999999,4856.1759999999995,1235.4389999999999,9395.021999999999,4427.429,5157.77,2591.23,807.837,6748.135,634.1990000000001,1590.805,1107.055,7784.269,1547.115,1285.046,18029.532,10933.683,3166.4709999999995,2918.745,11943.16,1003.99,3559.47,701.445,4946.8859999999995,17339.904,1771.941,6283.853,567.141,5013.443,4952.675,1798.2120000000002,457.73900000000003
1992-01-01,587.073,4139.269,2394.098,3867.333,30875.92,3459.995,3274.9970000000003,584.183,690.158,13504.775,6759.474,1149.9260000000002,2806.923,1066.49,11635.197,5648.649,2526.042,3756.3579999999997,4270.849,5993.474,4902.545,1235.748,9470.323,4471.503,5193.686,2610.1929999999998,822.436,6831.85,635.427,1602.406,1112.766,7827.77,1580.75,1330.694,18082.032,11007.608999999999,3204.1740000000004,2973.934,11980.819,1000.571,3600.5759999999996,708.698,5013.999,17650.479,1821.4979999999998,6383.315,570.115,5139.0109999999995,5004.6359999999995,1805.4620000000002,463.491
1993-01-01,596.993,4193.1140000000005,2423.743,3993.39,31147.208,3560.884,3272.325,576.3580000000001,699.475,13713.593,6894.092,1161.508,2820.525,1101.204,11725.983999999999,5701.965,2547.605,3792.288,4284.749,6010.884,4942.504,1238.256,9529.24,4521.709,5237.7570000000005,2635.574,839.8760000000001,6947.411999999999,637.229,1612.149,1122.191,7874.891,1614.9370000000001,1380.1970000000001,18140.894,11070.385,3228.829,3034.49,12022.128,997.852,3634.507,716.258,5085.666,17996.764,1875.993,6464.795,574.004,5247.704000000001,5055.318,1816.1789999999999,469.033
1994-01-01,600.624,4232.965,2450.605,4147.561,31317.179,3653.91,3268.3459999999995,564.982,708.416,13961.798,7045.9,1173.903,2829.422,1135.4589999999998,11804.986,5745.626,2569.118,3823.215,4306.5,6031.352,4985.411,1237.687,9584.481,4566.028,5281.206,2663.45,854.923,7060.959,639.762,1621.5510000000002,1133.0539999999999,7918.795999999999,1653.329,1456.388,18156.652,11111.451000000001,3246.119,3087.1420000000003,12042.545,993.4119999999999,3666.4559999999997,723.038,5163.016,18338.319,1930.4360000000001,6536.771,578.9,5334.896,5095.504,1818.49,474.98199999999997
1995-01-01,601.345,4262.731,2480.121,4306.907999999999,31493.525,3738.0609999999997,3265.2929999999997,551.273,718.265,14185.403,7188.5380000000005,1180.49,2840.86,1165.0,11884.935,5791.819,2586.942,3855.248,4327.978,6062.335,5023.65,1237.438,9659.871,4605.445,5324.61,2690.788,868.5219999999999,7185.403,641.548,1635.142,1145.604,7965.523,1682.4170000000001,1525.777,18150.928,11155.493,3265.547,3141.421,12044.78,989.203,3699.9429999999998,728.2510000000001,5241.168,18679.706000000002,1976.774,6601.392,582.827,5431.024,5137.004,1820.56,478.44699999999995
1996-01-01,604.918,4290.403,2504.8579999999997,4432.308,31780.828999999998,3812.716,3267.03,538.273,727.09,14426.911,7332.225,1184.434,2848.473,1187.7060000000001,11953.003,5834.908,2598.266,3881.051,4338.763,6085.393,5057.142,1241.4360000000001,9739.184000000001,4647.723,5367.888000000001,2709.925,876.6560000000001,7307.658,642.8580000000001,1647.6570000000002,1160.768,8009.624,1706.151,1596.476,18143.805,11187.032,3289.634,3195.087,12038.008,987.8580000000001,3738.974,730.699,5313.576,19006.24,2022.253,6665.491,586.352,5509.963000000001,5173.8279999999995,1818.983,480.085
1997-01-01,608.846,4320.281,2524.007,4552.207,32217.708,3891.2929999999997,3268.514,528.752,735.0239999999999,14683.35,7486.094,1189.322,2854.3959999999997,1210.638,12011.508999999998,5872.37,2616.339,3907.816,4351.39,6115.476,5092.914000000001,1245.215,9785.45,4687.726,5407.113,2731.8259999999996,878.706,7428.672,640.945,1656.0420000000001,1173.239,8054.178000000001,1722.9389999999999,1675.5810000000001,18143.183999999997,11212.498,3314.259,3243.2540000000004,12015.888,986.966,3790.066,730.855,5378.433000000001,19355.427,2065.397,6732.878000000001,588.665,5604.105,5200.235,1815.588,480.031
1998-01-01,615.205,4351.037,2538.202,4667.277,32682.793999999998,3968.967,3272.563,521.4259999999999,744.066,14908.23,7636.522,1190.472,2861.025,1230.923,12069.774,5907.616999999999,2638.667,3934.31,4362.758,6144.406999999999,5130.072,1247.5539999999999,9820.231,4726.411,5437.562,2751.335,879.533,7545.828,637.808,1660.7720000000002,1185.823,8095.5419999999995,1733.535,1743.7720000000002,18159.175,11237.752,3339.478,3282.055,12002.329,987.704,3839.578,730.789,5432.679,19712.389,2100.562,6789.225,590.5790000000001,5687.831999999999,5222.124,1811.6879999999999,480.045
1999-01-01,619.5,4369.862,2551.373,4778.332,33145.121,4056.133,3282.031,519.0,753.538,15111.243999999999,7788.24,1185.497,2869.413,1251.7,12128.37,5942.901,2654.052,3960.825,4372.035,6175.169,5171.634,1253.04,9863.775,4775.508,5468.338000000001,2768.619,882.779,7650.789000000001,633.6659999999999,1666.0279999999998,1201.134,8143.411999999999,1739.844,1809.253,18196.601000000002,11256.653999999999,3358.0440000000003,3316.1540000000005,11994.016000000001,990.819,3885.736,733.133,5483.535,20044.141,2129.8360000000002,6872.911999999999,593.74,5756.361,5250.446,1806.9279999999999,479.602
2000-01-01,627.9630000000001,4452.173,2678.5879999999997,5160.585999999999,33987.977,4326.920999999999,3411.777,572.0459999999999,786.373,16047.515,8227.303,1213.519,2929.067,1299.43,12434.161,6091.866,2693.6809999999996,4049.0209999999997,4471.885,6361.104,5311.034000000001,1277.072,9952.45,4933.692,5607.285,2848.353,903.773,8081.6140000000005,642.023,1713.82,1239.882,8430.621,1821.204,2018.741,19001.78,11363.543,3454.365,3429.708,12284.173,1050.268,4024.223,755.8439999999999,5703.719,20944.499,2244.502,7105.816999999999,609.618,5910.512,5373.999,1807.021,494.3
2001-01-01,633.714,4467.634,2691.571,5273.477,34479.458,4425.687,3432.835,574.504,795.699,16356.966,8377.038,1225.948,2931.9970000000003,1319.9620000000002,12488.445,6127.76,2702.1620000000003,4068.132,4477.875,6397.634,5374.691,1285.692,9991.12,4982.795999999999,5641.142,2852.994,906.961,8210.122,639.062,1719.836,1255.517,8492.671,1831.69,2098.399,19082.838,11387.403999999999,3467.1,3467.937,12298.97,1057.142,4064.995,757.972,5750.789000000001,21319.622000000003,2283.715,7198.361999999999,612.2230000000001,5985.722,5406.835,1801.481,494.657
2002-01-01,642.337,4480.089,2705.927,5396.255,34871.843,4490.406,3458.7490000000003,573.158,806.169,16689.37,8508.256,1239.613,2934.2340000000004,1340.372,12525.556,6155.967,2713.535,4089.875,4497.267,6417.206,5440.389,1295.96,10015.71,5018.935,5674.825,2858.6809999999996,911.6669999999999,8326.201,638.168,1728.2920000000001,1269.089,8552.643,1855.309,2173.791,19137.8,11407.889,3489.08,3513.4240000000004,12331.031,1065.995,4107.795,760.02,5795.918000000001,21690.325,2324.815,7286.8730000000005,615.442,6052.349,5445.161999999999,1805.414,500.017
2003-01-01,648.414,4503.491,2724.816,5510.3640000000005,35253.159,4528.732,3484.336,568.502,818.003,17004.085,8622.793,1251.154,2941.9990000000003,1363.38,12556.006000000001,6196.638000000001,2723.0040000000004,4117.17,4521.042,6422.565,5496.269,1306.513,10041.152,5053.572,5709.403,2868.312,919.63,8422.501,638.817,1738.6429999999998,1279.84,8601.402,1877.5739999999998,2248.85,19175.939,11434.788,3504.8920000000003,3547.3759999999997,12374.658000000001,1071.3419999999999,4150.2970000000005,763.7289999999999,5847.812,22030.931,2360.137,7366.977,617.8580000000001,6104.115,5479.203,1812.295,503.45300000000003
2004-01-01,659.2860000000001,4530.729,2749.6859999999997,5652.404,35574.576,4575.013,3496.094,567.754,830.803,17415.318,8769.252,1273.569,2953.635,1391.8020000000001,12589.773000000001,6233.007,2734.373,4146.101,4552.238,6412.281,5546.935,1313.6879999999999,10055.315,5087.713,5747.741,2889.01,930.0089999999999,8553.152,644.705,1749.37,1290.121,8634.561,1903.808,2346.222,19171.567,11452.251,3525.2329999999997,3569.4629999999997,12410.722,1074.579,4210.920999999999,770.3960000000001,5910.809,22394.022999999997,2401.58,7475.575,619.92,6178.645,5514.026,1816.4379999999999,509.106
2005-01-01,666.946,4569.805,2781.097,5839.076999999999,35827.943,4631.888,3506.9559999999997,567.136,845.15,17842.038,8925.921999999999,1292.729,2964.454,1428.241,12609.903,6278.616,2745.2990000000004,4182.742,4576.628,6403.29,5592.379,1318.787,10051.136999999999,5119.598,5790.3,2905.9429999999998,940.102,8705.407,646.089,1761.497,1298.492,8651.974,1932.274,2432.143,19132.61,11463.32,3548.597,3613.202,12449.99,1067.9160000000002,4270.15,775.493,5991.057,22778.123,2457.719,7577.105,621.215,6257.305,5546.166,1820.4920000000002,514.1569999999999
2006-01-01,675.302,4628.981,2821.761,6029.141,36021.202000000005,4720.423,3517.46,570.681,859.268,18166.99,9155.813,1309.731,2982.6440000000002,1468.6689999999999,12643.955,6332.669,2762.9309999999996,4219.2390000000005,4302.665,6410.084,5627.366999999999,1323.619,10036.081,5163.555,5842.704000000001,2904.978,952.692,8917.27,649.422,1772.693,1308.389,8661.679,1962.1370000000002,2522.658,19104.631,11481.213,3594.09,3670.883,12510.809,1063.096,4357.847,783.033,6088.766,23359.58,2525.507,7673.725,622.8919999999999,6370.753000000001,5577.655,1827.912,522.6669999999999
2007-01-01,680.3,4672.84,2848.65,6167.681,36250.311,4803.8679999999995,3527.27,574.404,871.7489999999999,18367.842,9349.988000000001,1315.675,2999.212,1505.105,12695.866000000002,6379.599,2783.785,4256.6720000000005,4375.581,6431.559,5653.408,1327.04,10001.284,5207.2029999999995,5887.611999999999,2928.35,964.706,9118.037,652.822,1783.44,1312.54,8677.885,1990.07,2601.072,19132.335,11500.468,3634.349,3722.417,12563.937,1057.315,4444.11,791.623,6175.727,23831.982999999997,2597.746,7751.0,623.481,6461.5869999999995,5610.775,1834.0520000000001,534.876
2008-01-01,687.455,4718.206,2874.554,6280.361999999999,36604.337,4889.73,3545.579,580.236,883.8739999999999,18527.305,9504.843,1332.213,3016.7340000000004,1534.32,12747.038,6424.806,2808.0759999999996,4289.878,4435.585999999999,6468.967,5684.965,1330.509,9946.889000000001,5247.018,5923.916,2947.8059999999996,976.415,9309.449,657.569,1796.378,1315.906,8711.09,2010.662,2653.63,19212.436,11515.391000000001,3668.9759999999997,3768.748,12612.285,1055.003,4528.996,799.1239999999999,6247.411,24309.039,2663.0290000000005,7833.496,624.151,6562.231,5640.996,1840.31,546.043
2009-01-01,698.895,4757.938,2896.843,6343.154,36961.229,4972.195,3561.8070000000002,592.2280000000001,891.73,18652.644,9620.846,1346.717,3032.87,1554.4389999999999,12796.778,6459.325,2832.704,4317.0740000000005,4491.648,6517.613,5730.388000000001,1329.59,9901.591,5281.203,5961.088000000001,2958.7740000000003,983.982,9449.565999999999,664.9680000000001,1812.683,1316.102,8755.601999999999,2036.8020000000001,2684.665,19307.066000000003,11528.896,3717.572,3808.6,12666.858,1053.646,4589.872,807.067,6306.019,24801.761000000002,2723.421,7925.937,624.817,6667.4259999999995,5669.264,1847.775,559.851
2010-01-01,714.0310000000001,4785.492,2921.995,6408.312,37332.685,5048.644,3579.8990000000003,605.183,899.816,18849.098,9713.521,1363.945,3050.738,1571.01,12841.578000000001,6490.528,2858.85,4348.662,4544.996,6565.524,5788.584,1327.73,9877.495,5311.147,5996.118,2970.322,990.6410000000001,9558.915,674.5260000000001,1830.0510000000002,1316.872,8803.729,2064.756,2703.284,19402.64,11540.983,3759.603,3838.048,12712.343,1053.337,4635.943,816.325,6356.670999999999,25244.31,2775.3259999999996,8025.773,625.982,6743.226,5690.263000000001,1854.23,564.513
2011-01-01,722.7130000000001,4799.918,2939.493,6467.1630000000005,37676.861000000004,5118.36,3589.893,620.477,907.924,19096.952,9811.61,1377.864,3065.223,1584.1429999999998,12860.011999999999,6516.48,2869.5029999999997,4369.354,4575.404,6611.923000000001,5843.603,1328.231,9876.213,5348.562,6010.717,2978.1620000000003,997.821,9650.963,685.4760000000001,1842.283,1318.473,8841.243,2077.756,2718.3790000000004,19519.529,11544.823999999999,3786.2740000000003,3868.031,12744.293,1052.451,4672.637,824.398,6397.634,25646.389,2816.1240000000003,8110.035,626.73,6822.52,5709.64,1854.9720000000002,567.725
2012-01-01,731.0889999999999,4815.96,2950.685,6549.634,38011.074,5189.867,3593.795,635.327,916.993,19344.156000000003,9914.668,1391.82,3076.31,1595.911,12870.798,6537.743,2885.262,4384.799,4603.429,6658.008000000001,5889.651,1328.895,9887.238000000001,5380.285,6025.415,2984.945,1005.196,9746.175,702.087,1855.725,1321.182,8873.211,2083.784,2752.565,19602.769,11550.839,3817.054,3899.116,12771.854,1052.901,4720.76,834.441,6454.306,26071.655,2855.782,8192.048,626.444,6895.226,5726.177,1856.56,576.765
2013-01-01,736.8789999999999,4829.479,2958.663,6624.616999999999,38335.203,5267.603,3596.0029999999997,649.165,925.395,19582.022,9984.938,1406.481,3091.93,1612.011,12879.505,6569.102,2892.821,4400.477,4626.402,6706.786,5931.129,1329.076,9898.982,5418.521,6042.710999999999,2990.482,1014.314,9841.59,724.0189999999999,1868.559,1322.6870000000001,8899.162,2085.1929999999998,2786.4640000000004,19673.546000000002,11570.021999999999,3852.415,3925.7509999999997,12781.338,1053.0330000000001,4767.894,844.922,6494.821,26473.525,2902.663,8262.692,627.14,6968.005999999999,5742.854,1853.231,582.684
2014-01-01,736.705,4843.214,2966.9120000000003,6719.993,38680.81,5349.648,3591.873,659.005,934.948,19888.741,10087.231,1416.349,3108.03,1633.5320000000002,12867.544,6595.233,2899.36,4413.057,4647.88,6749.911,5967.295,1330.719,9915.767,5453.109,6060.93,2992.4,1022.867,9934.399,739.904,1881.145,1328.743,8925.001,2083.024,2833.013,19718.515,11594.408000000001,3877.4990000000003,3968.3709999999996,12790.565,1054.48,4828.43,852.561,6544.6630000000005,26944.751,2941.836,8317.372,626.984,7054.196,5758.3769999999995,1848.514,583.6419999999999
2015-01-01,737.709,4853.875,2977.853,6817.565,38993.94,5448.819,3584.73,670.377,944.076,20244.914,10199.398000000001,1425.1570000000002,3121.9970000000003,1652.828,12839.046999999999,6612.768,2906.7209999999995,4424.611,4668.96,6784.24,5994.983,1329.453,9917.715,5482.435,6076.204000000001,2989.39,1032.073,10035.186,756.835,1893.765,1330.111,8935.421,2080.328,2883.758,19747.183,11605.09,3907.414,4024.634,12791.903999999999,1055.607,4894.834,857.919,6595.056,27429.639,2990.632,8367.587,626.0880000000001,7160.29,5767.891,1841.0529999999999,586.555
2016-01-01,741.8939999999999,4863.3,2988.248,6931.071,39250.017,5540.545,3576.452,681.17,952.065,20612.439,10310.371,1428.557,3134.6929999999998,1683.14,12801.538999999999,6633.053000000001,2907.289,4436.974,4681.666,6811.779,6016.446999999999,1331.479,9928.3,5519.951999999999,6093.0,2988.7259999999997,1042.52,10146.788,757.952,1907.116,1334.795,8944.469000000001,2081.015,2940.058,19745.289,11614.373,3923.5609999999997,4093.465,12784.226999999999,1056.4260000000002,4961.119000000001,865.454,6651.194,27862.596,3051.217,8411.808,624.594,7288.0,5778.7080000000005,1831.102,585.501
